<mediawiki xmlns="http://www.mediawiki.org/xml/export-0.10/" xmlns:xsi="http://www.w3.org/2001/XMLSchema-instance" xsi:schemaLocation="http://www.mediawiki.org/xml/export-0.10/ http://www.mediawiki.org/xml/export-0.10.xsd" version="0.10" xml:lang="te">
	<siteinfo>
		<sitename>tewiki</sitename>
		<dbname>indicwiki</dbname>
		<base>https://tewiki.iiit.ac.in/index.php/%E0%B0%AE%E0%B1%8A%E0%B0%A6%E0%B0%9F%E0%B0%BF_%E0%B0%AA%E0%B1%87%E0%B0%9C%E0%B1%80</base>
		<generator>MediaWiki 1.34.0</generator>
		<case>first-letter</case>
		<namespaces>
			<namespace key="-2" case="first-letter">మీడియా</namespace>
			<namespace key="-1" case="first-letter">ప్రత్యేక</namespace>
			<namespace key="0" case="first-letter" />
			<namespace key="1" case="first-letter">చర్చ</namespace>
			<namespace key="2" case="first-letter">వాడుకరి</namespace>
			<namespace key="3" case="first-letter">వాడుకరి చర్చ</namespace>
			<namespace key="4" case="first-letter">Project</namespace>
			<namespace key="5" case="first-letter">Project చర్చ</namespace>
			<namespace key="6" case="first-letter">దస్త్రం</namespace>
			<namespace key="7" case="first-letter">దస్త్రంపై చర్చ</namespace>
			<namespace key="8" case="first-letter">మీడియావికీ</namespace>
			<namespace key="9" case="first-letter">మీడియావికీ చర్చ</namespace>
			<namespace key="10" case="first-letter">మూస</namespace>
			<namespace key="11" case="first-letter">మూస చర్చ</namespace>
			<namespace key="12" case="first-letter">సహాయం</namespace>
			<namespace key="13" case="first-letter">సహాయం చర్చ</namespace>
			<namespace key="14" case="first-letter">వర్గం</namespace>
			<namespace key="15" case="first-letter">వర్గం చర్చ</namespace>
			<namespace key="828" case="first-letter">మాడ్యూల్</namespace>
			<namespace key="829" case="first-letter">మాడ్యూల్ చర్చ</namespace>
			<namespace key="2300" case="first-letter">Gadget</namespace>
			<namespace key="2301" case="first-letter">Gadget talk</namespace>
			<namespace key="2302" case="case-sensitive">Gadget definition</namespace>
			<namespace key="2303" case="case-sensitive">Gadget definition talk</namespace>
			<namespace key="2600" case="first-letter">Topic</namespace>
		</namespaces>
	</siteinfo>

